Darla Wiegand, 696 Court Court, 601-503-4160
Luciano Pries, 7701 Decks Road, 506-605-9757
Charlie Pyatt, 8057 Virginia Street, 821-309-7489
Georgina Vallecillo, 5566 Strawberry Lane, 131-273-5133
Mel Highsmith, 424 Cedar Lane, 617-855-3004
Catrice Monier, 1860 Spring Street, 105-327-6836
Lavette Moralez, 9147 Main Street North, 258-984-7518
Renee Silvestre, 9317 Homestead Drive, 526-153-6862
Meryl Blackmore, 9845 Broad Street West, 287-494-7312
Anjelica Gwin, 7072 Route 100, 345-422-6540
Refugia Mctaggart, 4588 3rd Street North, 623-316-5070
Glenn Townson, 8677 Canal Street, 449-131-5153
Rosana Matsumoto, 9497 Cambridge Road, 100-524-5318
Mitzie Geissler, 3403 1st Avenue, 223-267-2805
Shelba Fritz, 487 Lexington Court, 694-800-7389
Foster Hagge, 6123 Edgewood Road, 269-121-5871
Francisca Halvorsen, 562 Magnolia Avenue, 283-209-4595
Felica Spicer, 2271 Myrtle Avenue, 206-560-2560
Tabatha Solan, 1060 Woodland Drive, 104-487-1513
Joaquin Churchill, 1682 Cooper Street, 584-262-1101
Luigi Robie, 5703 Inverness Drive, 530-914-1032
Noriko Vanderslice, 2897 Lexington Drive, 765-877-1223
Benito Elem, 9070 Central Avenue, 506-471-7088
Meta Falgoust, 5413 Bridge Street, 777-466-7828
Dorris Voris, 8769 Dogwood Lane, 677-180-3326
Willene Swartwood, 9884 Evergreen Lane, 487-795-9307
Pamelia Agan, 1868 Grove Avenue, 155-413-6454
Wilbur Kealoha, 5148 Valley Road, 164-455-9195
Melania Eichner, 5565 Carriage Drive, 288-924-1491
Napoleon Menz, 9739 Pennsylvania Avenue, 170-130-2680
Tracee Mabie, 941 Columbia Street, 676-797-1305
Alisia Yeoman, 4444 Park Avenue, 248-218-2931
Mindy Beres, 5053 Berkshire Drive, 231-124-2308
Leda Garrido, 5908 4th Avenue, 273-811-5415
Tillie Trimble, 9450 Madison Street, 865-223-7410
Velma Klahn, 9323 Route 2, 662-249-1473
Curtis Respass, 9521 New Street, 886-382-9530
Yer Bailon, 8857 Franklin Street, 762-318-2511
Marie Warrior, 6975 Rosewood Drive, 618-212-9127
Willie Saravia, 4979 Edgewood Drive, 271-512-8912
Kimi Schlater, 2565 4th Street West, 419-684-8624
Asley Haag, 2960 Eagle Street, 117-398-4596
Laine Funkhouser, 9500 Park Drive, 638-235-4302
Pilar Orbison, 1309 Grove Street, 350-740-8706
Fawn Gaunt, 9873 Willow Street, 221-728-5696
Manda Mccarville, 3928 Linden Street, 500-230-2353
Lashawnda Barnhardt, 4462 Cypress Court, 315-226-7480
Katharina Lawley, 6947 Wall Street, 375-341-8183
Isreal Pfeifer, 5874 Route 9, 345-983-9728
Pamala Urso, 4467 6th Avenue, 913-829-5466
Arianne Steward, 530 Magnolia Court, 302-231-9675
Raymon Ybarra, 561 1st Street, 313-595-7683
Toya Ronquillo, 4168 Cedar Avenue, 685-775-2732
Whitley Hemmingway, 6807 2nd Street West, 698-264-1996
Porter Hinchey, 5866 Dogwood Drive, 160-774-2134
Dorris Mattera, 2354 8th Avenue, 773-518-5701
Noel Mccollough, 262 Maple Street, 407-673-4470
Elizbeth Leaton, 8640 Winding Way, 224-934-9953
Shana Olivar, 7512 Cardinal Drive, 498-899-5006
Johnson Laffoon, 5322 White Street, 333-149-3028
Elizabet Nogueira, 128 B Street, 624-840-4898
Daria Rader, 5039 Tanglewood Drive, 839-128-5858
Ruthanne Walford, 8746 Lafayette Street, 156-611-7128
Luana Quade, 2448 Valley View Drive, 380-525-5104
Alberto Flythe, 9025 East Avenue, 601-946-4384
Zora Mathias, 3887 Augusta Drive, 322-146-6146
Alexandria Pancoast, 2990 Bridle Court, 631-309-5105
Olin Marler, 9215 Wood Street, 645-861-2407
Terese Malta, 9680 14th Street, 394-604-7482
Terrell Berkley, 3080 Hartford Road, 845-291-3837
Deneen Howells, 4592 Main Street West, 210-260-5489
Carmen Fremont, 2670 Colonial Drive, 193-855-6262
Noe Zygmont, 6915 Route 6, 297-951-9376
Viviana Martinek, 4569 Broad Street, 136-453-4582
Antonia Taulbee, 6219 Eagle Road, 731-765-6417
Marx Abele, 5146 Division Street, 368-957-7806
Mac Rowen, 1242 Sherwood Drive, 952-980-2862
Thomasena Band, 3987 Sycamore Street, 405-777-1668
Garry Gafford, 2378 Spruce Street, 381-540-5980
Evan Gloster, 5968 4th Street North, 341-409-8350
Chana Koziol, 8769 3rd Street East, 317-585-4744
Vertie Sharpton, 3372 Market Street, 642-199-3431
Ariana Turpen, 9235 Monroe Street, 500-533-1414
Tammara Deady, 6357 Cobblestone Court, 737-867-8297
Carmelina Vine, 7459 Elizabeth Street, 261-494-6003
Lauryn Eacret, 9804 Locust Lane, 558-467-9318
Shirlee Tarleton, 424 Cleveland Avenue, 731-478-9627
Doreatha Jablonski, 5371 Pearl Street, 920-884-4349
Horacio Macko, 73 George Street, 420-734-5772
Wan Karr, 6672 Heather Lane, 207-425-7124
Shakia Hesser, 6024 Essex Court, 991-187-5215
Sheryl Hensley, 718 River Road, 608-235-1229
Roselyn Vandenburg, 1109 Hillside Avenue, 969-760-5017
Bianca Yeager, 5609 2nd Street, 527-160-1708
Kory Lalli, 227 Marshall Street, 861-377-6368
Herlinda Teston, 8576 Lake Avenue, 824-874-2359
Chantal Wold, 681 Orchard Lane, 223-275-8015
Lue Kruse, 765 5th Street East, 201-973-7017
Esteban Ingham, 5180 Oak Avenue, 333-977-3431
Rafaela Valencia, 1552 Euclid Avenue, 990-519-1004
Sharda Thole, 7656 Creekside Drive, 698-619-4080
Blythe Ford, 3367 6th Street, 278-479-9476
Genoveva Saliba, 3918 Bridle Lane, 680-861-5014
Meridith Byram, 498 Sycamore Lane, 911-941-7961
Claude Horne, 4411 Water Street, 195-642-1569
Renda Ware, 7459 Madison Avenue, 456-464-9688
Leana Howey, 3058 Holly Drive, 622-768-1996
Lorene Holm, 7760 Prospect Street, 524-196-7736
Carter Christman, 3436 Washington Avenue, 179-124-3358
Dortha Hoefle, 15 Fulton Street, 802-945-1475
Adrien Shively, 6191 Clay Street, 788-857-4019
Candi Diehl, 2591 Lincoln Avenue, 656-438-2104
Andreas Wendler, 9201 Brookside Drive, 680-482-3952
Eliza Liebold, 4095 Route 27, 774-662-2790
Kaylee Cortina, 3556 Arlington Avenue, 170-305-1740
Debbie Golding, 7381 Aspen Drive, 481-247-6664
Isadora Bounds, 8357 Monroe Drive, 252-276-2227
Ava Waren, 7176 Hickory Street, 322-981-7269
Letty Madlock, 6128 Ridge Street, 593-805-9539
Marianne Leishman, 5113 Chestnut Street, 654-596-6409
Dexter Gresham, 769 Oxford Court, 217-737-2878
Tamesha Hollow, 7782 Highland Drive, 834-795-9585
Eugene Hanks, 3080 Main Street East, 278-638-4829
Felica Hosier, 3532 Clark Street, 862-508-1092
Mona Myrick, 8586 Street Road, 452-924-8445
Brandy Kinard, 2611 Durham Road, 159-241-1003
Latina Timlin, 7677 Warren Street, 632-205-7983
Florentino Mom, 9108 Cleveland Street, 712-699-2068
Alexander Garver, 5866 Devonshire Drive, 308-450-3033
Carin Sabat, 5021 River Street, 326-158-8851
Lynetta Dunkelberger, 4142 Hickory Lane, 973-190-1311
Manual Tipps, 3368 Beechwood Drive, 471-944-7641
Gracia Hoff, 7123 Heritage Drive, 384-336-9119
Shari Day, 5691 Sunset Avenue, 288-408-9034
Ramona Eckman, 4482 Morris Street, 477-945-5656
Eli Mauro, 5354 Willow Lane, 215-219-1725
Pat Trent, 6734 Canterbury Drive, 319-545-1600
Errol Bates, 225 Franklin Avenue, 230-651-1509
Nada Sumlin, 8915 Henry Street, 375-213-8954
Dorcas Garett, 4526 Jefferson Court, 317-534-4504
Jessika Bellman, 2344 Prospect Avenue, 353-453-3308
Maura Patnaude, 1075 Maple Avenue, 367-815-5761
Mellisa Brandenburg, 3435 East Street, 241-573-5369
Ruben Cage, 2090 Mulberry Street, 710-306-9027
Katelynn Huston, 5507 Colonial Avenue, 866-827-9718
Laci Helbig, 9398 Route 10, 909-756-5894
Herman Bernardino, 8723 Glenwood Drive, 145-711-2434
Dannette Humbert, 5657 Jefferson Street, 377-970-7031
Efrain Souders, 9452 Rose Street, 862-327-7767
Glinda Caples, 3621 5th Street North, 559-197-1956
Arla Brink, 7922 York Road, 963-350-1083
Devora Husband, 9508 Mill Street, 940-927-7303
Orpha Mohammed, 9623 Park Street, 375-834-1571
Darby Bresnahan, 8018 Hill Street, 934-546-7102
Jess Kumar, 3209 Windsor Court, 910-305-9339
Raymon Soler, 8343 Summer Street, 545-255-3807
Floria Speas, 3075 Cambridge Drive, 767-277-6040
Lulu Mcglothlin, 5767 Woodland Road, 503-270-6828
Janice Francisco, 2550 Lincoln Street, 625-119-6327
Denis Whisman, 5417 Route 30, 521-879-7443
Kellie Ostendorf, 160 Ashley Court, 586-576-2362
Dakota Falzone, 484 Hamilton Road, 887-570-8752
Venetta Chisholm, 6917 Laurel Lane, 556-135-4608
Lucretia Raglin, 4522 Old York Road, 418-406-5519
Art Carberry, 5008 2nd Street North, 382-813-5377
Bev Staub, 7615 Court Street, 485-828-8207
Julienne Stiller, 9116 Ivy Court, 508-755-5314
Nikita Stockard, 4592 6th Street West, 995-700-7323
Brian Calmes, 2473 Holly Court, 896-617-8693
Mamie Bradshaw, 5901 Front Street, 991-933-2350
Carmon Gamblin, 9394 Center Street, 944-245-5281
Kylee Sauve, 6777 Linda Lane, 977-698-1126
Brittny Alpert, 4434 Liberty Street, 566-846-2553
Candy Vandoren, 7233 Meadow Lane, 606-665-5414
Cherry Schertz, 3939 Adams Street, 513-960-2519
Jong Malott, 6049 State Street, 728-269-6727
Deon Sweetser, 4984 William Street, 696-835-1627
Agatha Pendelton, 6600 Charles Street, 999-810-7402
Kate Bollinger, 9947 3rd Avenue, 913-576-7892
Aiko Jellison, 5017 Summit Avenue, 731-250-8045
Jaclyn Bradberry, 2017 Fawn Court, 367-562-8612
Delpha Abdallah, 3527 Lafayette Avenue, 506-664-9410
Brittney Kelemen, 140 Magnolia Drive, 338-906-5160
Terra Sickler, 164 Arch Street, 618-148-5624
Sharonda Seamans, 1554 5th Street South, 543-966-7905
Gerda Raposo, 5423 Race Street, 181-188-2834
Jacques Montgomery, 5915 3rd Street West, 222-626-7117
Katina Eldridge, 8289 9th Street West, 936-818-6065
Reggie Alvarenga, 5211 Route 64, 896-243-9966
Felecia Hartsfield, 2310 Depot Street, 296-733-1639
Ardelia Beckett, 9010 Park Place, 346-731-5898
Ariana Bollman, 4650 Laurel Drive, 902-515-5396
Reena Pickert, 4120 Hawthorne Lane, 117-295-2906
Chia Micheals, 379 Orchard Street, 279-284-7495
Katharina Hyun, 72 Devon Court, 832-498-1663
Meri Desousa, 6648 Fieldstone Drive, 491-867-9622
Latrina Lanser, 4100 Fairway Drive, 404-517-7276
Sherrill Grabert, 521 Penn Street, 180-168-8720
Illa Spurgin, 4241 Maiden Lane, 733-840-1581
Kurt Neptune, 7921 8th Street West, 463-993-2890
Dorothea Acree, 5918 Grand Avenue, 910-838-3299
Mardell Pierri, 3143 Washington Street, 417-342-5479
Elva Hillman, 1695 Delaware Avenue, 188-441-7706
Latina Redeker, 5573 Willow Drive, 817-953-8367
Elicia Cockrum, 3176 Route 4, 638-642-3611
Raul Dyess, 5315 11th Street, 316-658-9939
Felicita Vu, 1973 Lilac Lane, 690-627-4176
Tanya Chandler, 4239 Main Street South, 290-841-5796
Regan Newman, 6006 Warren Avenue, 791-262-6853
Shanice Welcome, 6541 Cemetery Road, 800-959-3782
Edith Infantino, 4992 7th Street, 287-138-1065
Chadwick Cockburn, 5989 York Street, 707-530-7928
Ines Soja, 6485 6th Street North, 651-602-8092
Quinn Reay, 4385 Cherry Street, 524-103-9825
Babara Cianci, 4730 Locust Street, 688-802-9534
Consuela Nunley, 6895 Route 41, 509-879-9807
Jasmine Abercrombie, 2289 High Street, 241-167-4613
Lakenya Otero, 4330 Sycamore Drive, 699-452-9598
Alisa Hebert, 2567 Primrose Lane, 909-145-4463
Henry Tetreault, 8667 James Street, 776-583-4468
Debbi Goode, 8867 Oak Street, 954-590-5390
Carola Lovely, 4616 Route 1, 981-739-3848
Betsy Grainger, 8545 Briarwood Drive, 347-656-9873
Cayla Rm, 963 Lakeview Drive, 553-150-1612
Cheryll Cassady, 1430 Church Street, 686-395-4597
Haydee Huizar, 2036 Pleasant Street, 180-411-3534
Ryann Trivedi, 2936 Highland Avenue, 961-491-5798
Renda Tigner, 7345 Spruce Avenue, 417-647-4077
Karisa Rector, 8206 Sheffield Drive, 209-865-9691
Robt Fischbach, 755 Lawrence Street, 723-944-1632
Deann Chesney, 2476 Mill Road, 844-717-7153
Antoinette Unruh, 4976 Forest Drive, 325-143-7302
Drucilla Swyers, 4618 Deerfield Drive, 159-702-4271
Corrine Macintyre, 8957 Aspen Court, 702-933-4428
Johnie Birden, 2624 Orchard Avenue, 999-870-5184
Camille Plude, 8371 2nd Street East, 329-426-8192
Les Slape, 7402 Victoria Court, 375-113-2759
Barbera Kinghorn, 2072 Crescent Street, 772-323-2416
Emma Cavitt, 9451 Mulberry Court, 527-697-8591
Sophie Burts, 6625 Williams Street, 645-319-2920
Debroah Crivello, 5339 5th Avenue, 875-198-6328
Abbey Tenaglia, 7509 Route 32, 654-593-5714
Harry Mcconn, 8972 Canterbury Court, 302-606-4154
Cami Madison, 1573 Valley View Road, 606-503-8701
Albertina Blay, 9755 Railroad Street, 876-472-5169
Yang Wotring, 2221 Briarwood Court, 572-517-8621
Trent George, 2804 Front Street North, 907-683-3511
Obdulia Rosenbalm, 6132 Walnut Avenue, 348-580-3041
Cher Loar, 745 Amherst Street, 492-918-8508
Devorah Palazzolo, 9994 John Street, 664-554-3945
Fredrick Poirer, 58 Smith Street, 619-924-9653
Reanna Speicher, 9471 Orange Street, 784-542-4168
Leonila Mellott, 8662 Cherry Lane, 111-601-1134
Jarod Hammett, 3829 4th Street, 241-570-9849
Bradford Perine, 6958 Pin Oak Drive, 768-969-2268
Robena Suess, 2228 Oak Lane, 396-780-5559
Nam Kimbell, 2603 5th Street West, 433-582-7944
Erline Kawakami, 9499 North Avenue, 563-748-3254
Lavada Hollowell, 173 Pine Street, 161-595-5796
Star Moretti, 3060 Elmwood Avenue, 575-730-7029
Bessie Fortin, 4188 Railroad Avenue, 441-759-4350
Abigail Ditzler, 7817 7th Avenue, 276-425-2907
Venice Closson, 5538 Beech Street, 562-207-5047
Emely Fluke, 8347 Country Club Road, 289-190-5178
Irina Neighbors, 9242 Woodland Avenue, 457-877-1020
Donte Jinkins, 8528 Buttonwood Drive, 232-856-6701
Alex Saltzman, 989 Route 70, 462-416-7273
Bong Bickers, 4643 Route 20, 872-371-9579
Georgia Slevin, 6212 Shady Lane, 412-462-8132
Leland Gough, 2623 Roberts Road, 991-384-8185
Bethanie Diniz, 9817 Devon Road, 143-371-2411
Latasha Ahmad, 8304 Schoolhouse Lane, 700-543-6996
Aletha Bruggeman, 8604 Brown Street, 267-909-7779
Lissa Ticknor, 7522 Elm Avenue, 945-730-8809
Luci Lucius, 6314 Catherine Street, 814-996-3497
Lenora Mckinney, 2012 North Street, 666-991-8645
Scarlett Welliver, 4061 Ridge Road, 701-163-2848
Alfredia Anwar, 3067 Redwood Drive, 880-734-7888
Tobias Prior, 8899 4th Street South, 777-209-6926
Kareem Dolson, 3982 South Street, 276-321-4654
Rocio Schmit, 3114 Mulberry Lane, 727-596-5957
Homer Pascarella, 5762 Pheasant Run, 391-643-7826
Jed Hartt, 5047 Maple Lane, 676-656-9180
Aron Corker, 8577 Olive Street, 238-403-7392
Amberly Dotts, 3238 Hamilton Street, 733-175-7836
Dorla Jolley, 523 Hillcrest Avenue, 727-619-1943
Natalya Lightner, 4290 Cottage Street, 296-819-2049
Shirley Zamor, 690 Roosevelt Avenue, 777-283-7696
Tyesha Mark, 504 Ridge Avenue, 633-441-5309
Maryrose Arterburn, 8005 Green Street, 704-150-6572
Brigid Oxendine, 3008 Country Lane, 649-874-6005
Loan Gazda, 5074 Circle Drive, 617-783-5308
Keila Bertrand, 7276 Vine Street, 597-453-7407
Kortney Knapp, 1963 Chestnut Avenue, 255-581-6322
Agripina Mccafferty, 5001 Forest Street, 139-980-2647
Neta Rosenstein, 3485 Belmont Avenue, 747-943-3498
Dalila Coronel, 9940 Bay Street, 476-298-3517
Toshia Arnot, 2166 Creek Road, 894-879-9799
Celia Lunday, 4517 Taylor Street, 640-588-9079
Chanda Deeds, 2225 Cross Street, 912-691-3038
Valarie Tower, 857 Oxford Road, 673-915-4570
Torrie Debusk, 8194 Sherman Street, 906-258-8424
Page Denk, 2815 Hilltop Road, 439-136-3222
Lucrecia Jeong, 2452 Route 29, 347-229-9798
Cherise Blumenfeld, 8484 Harrison Street, 870-476-2713
Cristopher Reising, 2346 13th Street, 857-775-6776
Maira Spink, 7927 Adams Avenue, 347-411-4351
Mavis Hatfield, 8053 Hawthorne Avenue, 698-932-6704
Ernie Hamman, 9995 State Street East, 982-213-3639
Demetria Napier, 140 West Street, 943-625-4694
Kelvin Crownover, 5981 Clinton Street, 658-753-6390
Ilda Saur, 4254 Lake Street, 160-489-3613
Michaele Moring, 3367 Broadway, 966-604-6391
Farrah Misner, 2845 Academy Street, 311-625-3841
Queen Phinney, 8554 Parker Street, 186-471-7461
Lexie Esterline, 86 Franklin Court, 884-914-6167
Joella Moses, 2688 Myrtle Street, 295-802-4688
Norma Stodola, 7703 Heather Court, 762-988-7879
Paulita Warf, 4326 Hillside Drive, 789-727-1024
Verline Rustad, 8021 Sunset Drive, 534-262-1605
Mina Quintanilla, 4870 Chapel Street, 672-769-4157
Eboni Mccullen, 11 Linden Avenue, 326-613-7313
Alia Latham, 1593 Bayberry Drive, 234-739-6067
Kimberley Rosati, 8788 Surrey Lane, 669-552-4534
Micah Cripps, 929 Fairview Road, 983-407-5841
Issac Alvardo, 5793 Cambridge Court, 439-609-1292
Jeanice Picken, 7437 Evergreen Drive, 603-406-8036
Leonarda Derosier, 4812 Walnut Street, 451-250-1454
Sanford Vallone, 1873 Hudson Street, 142-711-7009
Len Crabill, 3910 Westminster Drive, 885-248-1930
Sanda Bonifacio, 9606 10th Street, 562-293-5885
Kayleen Baptista, 7253 Queen Street, 183-101-1503
Kai Camden, 7272 Willow Avenue, 277-136-8411